Timestamp,Scenario,Controller,Throughput_Mbps,Avg_Delay_ms,PacketLoss_Ratio,p95_Delay_ms,Max_PacketLoss,Jains_Fairness,QoS_Violations,Total_Downtime_s,Congestion_Intensity,Satisfaction_Percent,Cell_Edge_Tput,Avg_SINR_dB,Avg_RSRP_dBm,Avg_HO_per_UE,Avg_Inference_ms,EnergyEfficiency_Mbps_W,Model_Params,HO_Success_Rate,Control_Stability,QoS_Score,Reliability_Score,Resource_Score,Buffer_Score,PHY_Score,Architecture_Score,Config_num_ues,Config_num_cells,Config_sim_time,Config_kpm_interval_ms,Config_system_bandwidth_mhz,Config_model_path,Unnamed: 34,Unnamed: 35,Unnamed: 36,Unnamed: 37,Unnamed: 38,Unnamed: 39,Unnamed: 40,Unnamed: 41,Unnamed: 42,Unnamed: 43,Unnamed: 44,Unnamed: 45,Unnamed: 46,Unnamed: 47,Unnamed: 48,Unnamed: 49,Unnamed: 50,Unnamed: 51,Unnamed: 52,Unnamed: 53,Unnamed: 54,Unnamed: 55,Unnamed: 56,Unnamed: 57,Unnamed: 58,Unnamed: 59,Unnamed: 60,Unnamed: 61,Unnamed: 62,Unnamed: 63,Unnamed: 64,Unnamed: 65,Unnamed: 66,Unnamed: 67,Config_model_type
22-02-2026 6.40,flash_crowd,bdh,1.7011317490000002,50.79484754,0.294998625,99.2954,0.5193222,0.519695784,196,14.8,0.0,80.0,0.0,17.47126499,-116.5031412,0.0,60.68138957,15.846672110000002,6414355,1.0,48.209686,67.66388002076962,87.33632647189935,18.40989589660792,89.95566647897522,53.22194190740652,0.0,20,3,60.0,100,10.0,bdh,,,,,,,,,,,,,,,,,,,,,,,,,,,,,,,,,,,
22-02-2026 6.40,handover_ping_pong,bdh,1.988604651,40.00028574,0.164575469,67.764125,0.4172093,0.790151244,284,11.699999999999998,0.0,89.99999999999999,0.0,32.98995564,-115.2341308,0.0,59.8746619,26.27303118,6414355,1.0,50.17772,75.37873192412484,91.30641940880442,28.35295925896635,94.40319492572758,74.74934087516074,0.0,20,3,60.0,100,10.0,bdh,,,,,,,,,,,,,,,,,,,,,,,,,,,,,,,,,,,
22-02-2026 6.40,traffic_burst,bdh,1.841940435,63.62696464,0.538394427,105.8345335,0.87273725,0.544586895,152,15.0,0.0,85.0,0.0,17.35782162,-116.8235451,0.0,61.98907975,13.73597972,6414355,1.0,46.076653,68.4570282824597,79.57978269142635,19.46851343266816,81.65568519946143,52.82300731449253,0.0,20,3,60.0,100,10.0,bdh,,,,,,,,,,,,,,,,,,,,,,,,,,,,,,,,,,,
22-02-2026 6.41,mobility_storm,bdh,1.9262071670000005,33.423824970000005,0.1178403419999999,59.68348275,0.4378979999999999,0.921586835,400,12.5,0.0,90.9090909090909,1.000762913,27.43002997,-117.4065338,9.05,76.84788624,35.69467045,6414355,0.0,57.843,76.46821240707493,66.01217254123912,51.57990981870923,95.99689816961384,65.70295390696141,0.0,20,3,60.0,100,10.0,bdh,,,,,,,,,,,,,,,,,,,,,,,,,,,,,,,,,,,
22-02-2026 6.45,ambulance,bdh,2.10153404,37.54167905,0.1608974769999999,63.26068975,0.4378979999999999,0.8315016,488,23.5,0.0,85.0,0.4318654,32.29902949,-115.2436394,9.65,73.60015472,30.64088433,6414355,0.0,59.540207,74.71005308344277,62.834506123814094,38.1705711287204,94.528617239898,73.8273784521085,0.0,20,3,60.0,100,10.0,bdh,,,,,,,,,,,,,,,,,,,,,,,,,,,,,,,,,,,
22-02-2026 6.45,adversarial,bdh,1.923890334,43.25335025,0.189570709,67.93050025000001,0.4172093,0.783904866,544,25.9,0.0,89.99999999999999,0.0,33.70105208,-114.9294277,0.0,61.48178231,41.29946302,6414355,1.0,50.267605,74.67703562237466,88.3190318046525,28.490464478189804,93.550838301775,75.92719901261805,0.0,20,3,60.0,100,10.0,bdh,,,,,,,,,,,,,,,,,,,,,,,,,,,,,,,,,,,
22-02-2026 6.46,commuter_rush,bdh,1.263036194,42.19933625000001,0.0916037609999999,121.566088,0.4740197499999999,0.686995177,266,12.1,0.0,65.0,0.0,10.45247203,-127.4900682,0.0,66.58171891,31.946834800000005,6414355,1.0,48.84909,59.94372191304303,92.2249126828618,23.56643598626165,96.89158546228312,35.400637191292844,0.0,20,3,60.0,100,10.0,bdh,,,,,,,,,,,,,,,,,,,,,,,,,,,,,,,,,,,
22-02-2026 6.47,sleepy_campus,bdh,1.8042206920000003,60.55173666,0.391734435,115.5383527,0.931844,0.567710211,566,47.79999999999999,0.0,85.0,0.0,18.43787206,-116.2151006,6.05,72.76703755,36.32876487,6414355,0.0,58.18748,68.11902224860117,52.30931328957184,20.883369999559875,86.65690205715254,54.725082574152246,0.0,20,3,60.0,100,10.0,bdh,,,,,,,,,,,,,,,,,,,,,,,,,,,,,,,,,,,
22-02-2026 6.47,iot_tsunami,bdh,0.2992535999999999,22.616697,0.000555556,45.895245,0.00277778,0.42801291,0,0.0,0.0,5.0,0.0,9.17397021,-123.908114,0.0,60.16234557,0.0390325719999999,6414355,1.0,62.706894,39.62445155497465,99.99789897558878,11.883883417799364,99.99639824386648,36.48940036130514,0.0,20,3,60.0,100,10.0,bdh,,,,,,,,,,,,,,,,,,,,,,,,,,,,,,,,,,,
22-02-2026 6.49,urban_canyon,bdh,0.318538288,42.71928592,0.045387845,126.1926045,0.2484966049999999,0.578350171,228,0.2999999999999999,0.0,0.0,0.0,-6.539455753,-135.5560849,0.0,57.67189561,4.121321243,6414355,1.0,62.63453,31.914745027183045,97.05123221332238,17.058447823353692,98.46758321764122,6.645749523329322,0.0,20,3,60.0,100,10.0,bdh,,,,,,,,,,,,,,,,,,,,,,,,,,,,,,,,,,,
22-02-2026 6.50,mixed_reality,bdh,1.801634933,63.06614034,0.412328208,126.789518,0.931844,0.573753572,577,51.0,0.0,85.0,0.0,17.38491053,-116.4608353,6.15,64.72536683,34.94194147,6414355,0.0,55.935547,67.28860594364217,51.27313301390362,21.03447990053312,85.954638793078,53.140481755396905,0.0,20,3,60.0,100,10.0,bdh,,,,,,,,,,,,,,,,,,,,,,,,,,,,,,,,,,,
22-02-2026 6.57,spectrum_crunch,bdh,2.3249114540000004,69.60416785000001,0.886371954,76.2433425,0.9532521,0.472248015,321,32.1,0.0,65.0,0.0,7.114385895,-113.6270176,0.0,36.86211306,18.32159994,6414355,1.0,86.95652173913044,64.80211862091687,69.00296041757116,18.230952283017487,69.78938785144267,41.7456227398785,0.0,20,3,60.0,100,10.0,bdh,,,,,,,,,,,,,,,,,,,,,,,,,,,,,,,,,,,
22-02-2026 4.15,mobility_storm,gpt2,1.576812522,40.46916397,0.137714441,65.48692225,0.40681275,0.764301358,369,24.0,0.0,85.0,0.0,13.68126651,-123.7180767,0.0,36.80323559,112.346583,3217939,1.0,56.52763,71.5091436263937,89.76847202191999,29.384048325697623,95.3191763342668,42.60326311735159,0.0,20,3,60.0,100,10.0,gpt2,,,,,,,,,,,,,,,,,,,,,,,,,,,,,,,,,,,
22-02-2026 4.15,handover_ping_pong,gpt2,2.086905813,41.02994726,0.143902164,62.768558,0.40751015,0.787243311,468,21.2,0.0,85.0,0.0,20.1071227,-120.5519407,0.0,38.58107199,144.0740812,3217939,1.0,55.3426,74.27995820454987,90.13072369919796,32.245787999406794,95.10817029126687,53.567442048735096,0.0,20,3,60.0,100,10.0,gpt2,,,,,,,,,,,,,,,,,,,,,,,,,,,,,,,,,,,
22-02-2026 4.17,flash_crowd,gpt2,1.151819998,70.99688101,0.333041538,136.755684,0.92810895,0.561661638,594,52.2,0.0,30.0,0.0,4.235369971,-120.7202718,11.4,44.86758947,68.99101292,3217939,0.0,62.68125,43.260458241940114,49.23893699873558,20.34948263736953,88.65837431894786,32.42728892841477,0.0,20,3,60.0,100,10.0,gpt2,,,,,,,,,,,,,,,,,,,,,,,,,,,,,,,,,,,
22-02-2026 4.17,traffic_burst,gpt2,1.550175757,82.67670584,0.527764961,155.083106,0.9468288,0.592920895,578,48.1,0.0,60.0,0.0,6.795614079,-121.4361233,8.5,41.67750041,121.5167885,3217939,0.0,61.38694,53.71966072220043,47.82735849020404,23.919090643115084,82.01815804445826,35.26048216382779,0.0,20,3,60.0,100,10.0,gpt2,,,,,,,,,,,,,,,,,,,,,,,,,,,,,,,,,,,
22-02-2026 4.20,adversarial,gpt2,2.007333435,44.40114329,0.182515665,86.505922,0.90607675,0.705259814,499,20.1,0.0,75.0,0.0,14.80337719,-122.7282677,8.95,48.61251593,339.1840284,3217939,0.0,67.99075,68.84443595229683,59.64326013173173,35.61238245298604,93.79142064808082,44.85711435252158,0.0,20,3,60.0,100,10.0,gpt2,,,,,,,,,,,,,,,,,,,,,,,,,,,,,,,,,,,
22-02-2026 4.20,sleepy_campus,gpt2,1.220376322,91.15672193,0.440140508,167.5956613,0.95681815,0.566539375,583,52.5,0.0,35.0,0.0,5.060256243,-120.5311467,14.3,50.50457954,153.0697677,3217939,0.0,69.51802,41.7024389402707,44.92654044796838,23.3559135834736,85.00621828851966,33.66603318744977,0.0,20,3,60.0,100,10.0,gpt2,,,,,,,,,,,,,,,,,,,,,,,,,,,,,,,,,,,
22-02-2026 4.20,ambulance,gpt2,1.700526835,40.06794059,0.149120531,66.77629325,0.39121695,0.731272874,516,15.5,0.0,80.0,0.022261667,14.72130968,-122.405193,1.9,40.44569135,117.8855879,3217939,0.0,56.680317,70.39469859363967,69.91743415356906,29.140273412525836,94.93022002238904,44.99932465140317,0.0,20,3,60.0,100,10.0,gpt2,,,,,,,,,,,,,,,,,,,,,,,,,,,,,,,,,,,
22-02-2026 4.21,commuter_rush,gpt2,1.086860903,46.67845625,0.072961773,77.53945725,0.5128988,0.915760069,229,8.5,0.0,70.0,0.420255813,9.124363721,-126.8495307,0.0,40.5758072,122.1742115,3217939,1.0,58.112083,62.41174256050881,92.9102469462768,41.54794344129422,97.52729137890744,34.13994783674631,0.0,20,3,60.0,100,10.0,gpt2,,,,,,,,,,,,,,,,,,,,,,,,,,,,,,,,,,,
22-02-2026 4.21,iot_tsunami,gpt2,0.168942105,107.2659861,0.07708663,244.5268545,0.2781151,0.307877873,11,0.1,0.0,5.0,0.0,-2.667397838,-124.8481871,0.0,19.62075233,0.472214871,3217939,1.0,59.456963,20.170310546323112,96.21440213065736,7.624255530166698,97.38663062962848,20.085072424568573,0.0,20,3,60.0,100,10.0,gpt2,,,,,,,,,,,,,,,,,,,,,,,,,,,,,,,,,,,
22-02-2026 4.22,urban_canyon,gpt2,0.125304173,14.31285097,0.019389302,52.27706675,0.29770665,0.464002355,61,0.9,0.0,0.0,0.0,-9.890808225,-138.4018995,2.4,44.92787004,21.64351618,3217939,0.0,73.102684,37.5408673794427,75.49356195127524,13.406764239449936,99.35415323413902,0.0,0.0,20,3,60.0,100,10.0,gpt2,,,,,,,,,,,,,,,,,,,,,,,,,,,,,,,,,,,
22-02-2026 4.25,mixed_reality,gpt2,1.19208055,99.58977837,0.555460088,170.2538462,0.91114005,0.500513066,590,57.8,0.0,30.0,0.0,3.84508956,-120.3401944,3.2,33.17170938,136.5436887,3217939,0.0,63.376842,38.76357161875111,49.33026918858517,20.568390881655144,81.07373322798688,32.20577576805353,0.0,20,3,60.0,100,10.0,gpt2,,,,,,,,,,,,,,,,,,,,,,,,,,,,,,,,,,,
22-02-2026 4.38,spectrum_crunch,gpt2,3.761905176,54.77419042,0.816020916,81.63678025,0.95016725,0.674318994,594,59.4,0.0,85.0,1.606972625,11.00434451,-116.8439136,0.0,22.83632218,543.9130146,3217939,1.0,73.77922,80.74655793468233,65.64007000872246,74.8690493153722,72.18841155520548,44.397088005036345,0.0,20,3,60.0,100,10.0,gpt2,,,,,,,,,,,,,,,,,,,,,,,,,,,,,,,,,,,
22-02-2026 4.43,mobility_storm,linear,2.045044903,38.30855809,0.077665477,59.39729025,0.35598745,0.694186141,351,3.2,0.0,80.0,0.0,16.46546294,-122.3249944,0.0,120.9080566,308.2720619,3217939,1.0,85.59546,72.76556602664492,95.02471128255254,34.33142653410741,97.3668915083116,47.37033042609306,0.0,20,3,60.0,100,10.0,linear,,,,,,,,,,,,,,,,,,,,,,,,,,,,,,,,,,,
22-02-2026 4.43,handover_ping_pong,linear,2.172060965,32.74788416,0.064993991,46.20616225,0.2867517,0.671289546,321,1.5,0.0,75.0,0.0,21.34143682,-120.1717217,0.0,121.1631059,306.0693934,3217939,1.0,85.80666,72.92735721687973,96.13906391600456,33.767686555698454,97.79899878263352,55.49651641449543,0.0,20,3,60.0,100,10.0,linear,,,,,,,,,,,,,,,,,,,,,,,,,,,,,,,,,,,
22-02-2026 4.44,flash_crowd,linear,1.448544625,84.76292444,0.414802235,152.4595763,0.928558,0.369121767,592,55.4,0.0,35.0,0.0,6.946911924,-118.6554951,7.6,128.8152655,152.4859484,3217939,0.0,84.08562,44.333760435406354,49.53137813102661,17.25082729141313,85.8702725977029,37.61970349831565,0.0,20,3,60.0,100,10.0,linear,,,,,,,,,,,,,,,,,,,,,,,,,,,,,,,,,,,
22-02-2026 4.45,traffic_burst,linear,1.602981652,90.48022035,0.641354716,156.935535,0.9448945,0.552274755,551,46.2,0.0,50.0,0.0,9.420434187,-118.0500534,6.35,130.4834704,103.9897866,3217939,0.0,82.28726,49.56701918345014,47.32200225038308,22.115687796651105,78.14466132718722,41.3639875093201,0.0,20,3,60.0,100,10.0,linear,,,,,,,,,,,,,,,,,,,,,,,,,,,,,,,,,,,
22-02-2026 4.47,adversarial,linear,2.159172125,40.90319483,0.144955095,120.3921072,0.94149915,0.689882227,367,7.5,0.0,80.0,0.0,21.48119581,-119.2657546,7.55,108.9843253,255.5009644,3217939,0.0,84.922775,70.13319600117137,63.22640702768912,32.73581845467493,95.07226454631645,56.384930711138125,0.0,20,3,60.0,100,10.0,linear,,,,,,,,,,,,,,,,,,,,,,,,,,,,,,,,,,,
22-02-2026 4.48,sleepy_campus,linear,1.39314907,93.96038514,0.504883375,168.1834187,0.9394782,0.529837749,581,51.6,0.0,35.0,0.0,6.409799002,-119.5835735,10.95,143.3794685,123.2643867,3217939,0.0,83.76543,42.285693080938536,46.127334265841945,21.54358832918752,82.79843746540567,36.18814360289767,0.0,20,3,60.0,100,10.0,linear,,,,,,,,,,,,,,,,,,,,,,,,,,,,,,,,,,,
22-02-2026 4.48,ambulance,linear,1.900738277,30.01157638,0.078676444,46.63554625,0.3663702,0.625115896,424,2.7,0.0,80.0,0.031998787,18.88269393,-122.3360904,3.7,131.5650078,255.3677534,3217939,0.0,87.0453,73.51597286993632,72.58937853587021,30.626631417593167,97.33241676755904,50.56140656364693,0.0,20,3,60.0,100,10.0,linear,,,,,,,,,,,,,,,,,,,,,,,,,,,,,,,,,,,
22-02-2026 4.50,urban_canyon,linear,0.2476281,19.72025321,0.031212158,74.02231975,0.3080082,0.667202745,117,1.5,0.0,0.0,0.0,-7.6302537,-137.0406548,4.2,109.7661328,21.76876238,3217939,0.0,87.70918,36.55061328222352,73.89274842541023,20.431531797114435,98.95098488585998,4.049202441058725,0.0,20,3,60.0,100,10.0,linear,,,,,,,,,,,,,,,,,,,,,,,,,,,,,,,,,,,
22-02-2026 4.50,commuter_rush,linear,0.743866321,87.63363518,0.161317265,168.8735775,0.86497825,0.964916343,468,19.2,0.0,0.0,0.545960997,6.936512459,-128.1812815,0.0,131.0218981,170.1566792,3217939,1.0,85.24763,27.24893094760781,86.40733508026649,46.344608784266754,94.51430215100685,30.209882575904267,0.0,20,3,60.0,100,10.0,linear,,,,,,,,,,,,,,,,,,,,,,,,,,,,,,,,,,,
22-02-2026 4.54,mixed_reality,linear,1.166508725,110.2911742,0.697936895,175.3176135,0.90882615,0.445326401,593,58.3,0.0,20.0,0.0,3.491678568,-118.4873544,2.5,125.5398564,113.8230911,3217939,0.0,80.73061,33.72767784871317,46.884793915748176,17.9484914394575,76.21516614857235,33.17655584884096,0.0,20,3,60.0,100,10.0,linear,,,,,,,,,,,,,,,,,,,,,,,,,,,,,,,,,,,
22-02-2026 5.12,spectrum_crunch,linear,4.768199542,62.26324475,0.799179618,106.4742288,0.9607741,0.315076565,593,59.3,0.0,80.0,0.90991988,7.678850919,-120.9268446,0.1,110.3059069,934.5652142,3217939,0.0,81.85494,82.31001548425776,45.84082564384388,64.57217100091118,72.7627125783707,36.825040273518674,0.0,20,3,60.0,100,10.0,linear,,,,,,,,,,,,,,,,,,,,,,,,,,,,,,,,,,,
22-02-2026 5.13,iot_tsunami,linear,0.087288254,177.2906748,0.180400767,312.2305965,0.35814205,0.2478428,588,23.7,0.0,0.0,0.0,-5.209766066,-132.5175326,0.0,101.7049306,27.37949631,3217939,1.0,90.21709,7.148110414128599,89.36855534038104,6.317385751465866,93.86354027242864,10.765068070157325,0.0,20,3,60.0,100,10.0,linear,,,,,,,,,,,,,,,,,,,,,,,,,,,,,,,,,,,
22-02-2026 5.17,mobility_storm,nn,2.044779779,26.68996677,0.010291075,33.11413425,0.435254,0.730147196,21,0.6,0.0,90.0,0.587996368,21.81825599,-120.3141749,0.0,0.899134176,646.0422134,140563,1.0,98.115036,78.79218832208917,96.17497228530266,57.34727790999899,99.66440966895117,56.01707830674033,98.6134330360452,20,3,60.0,100,10.0,nn,,,,,,,,,,,,,,,,,,,,,,,,,,,,,,,,,,,
22-02-2026 5.17,handover_ping_pong,nn,2.144787144,25.2637491,0.007561303,28.21262525,0.4512972,0.725244466,21,0.6,0.0,90.0,0.0,29.13703619,-116.841767,0.0,0.943941744,674.9747685,140563,1.0,98.10528,79.71297756775373,96.09854462181896,47.34750242869103,99.75749696261512,68.40101878681725,98.59780038780124,20,3,60.0,100,10.0,nn,,,,,,,,,,,,,,,,,,,,,,,,,,,,,,,,,,,
22-02-2026 5.18,flash_crowd,nn,1.333289382,74.23198289,0.443812477,120.169939,0.9341027,0.479018099,597,57.4,0.0,35.0,0.0,9.334813495,-116.6624566,6.15,1.005903482,450.4576008,140563,0.0,97.831085,46.42553445432172,49.506104960339854,30.228902715993307,84.88100136321313,42.3280156301653,98.57618292231552,20,3,60.0,100,10.0,nn,,,,,,,,,,,,,,,,,,,,,,,,,,,,,,,,,,,
22-02-2026 5.20,traffic_burst,nn,1.516189558,91.79329548,0.661738133,133.4888062,0.94023415,0.570330313,462,44.7,0.0,55.0,0.0,13.15537127,-116.5450711,2.7,1.060154041,534.5590287,140563,0.0,97.63852,51.85236723427246,49.60317618460002,36.35435612307636,77.44957136210836,47.47643319160294,98.55725576461111,20,3,60.0,100,10.0,nn,,,,,,,,,,,,,,,,,,,,,,,,,,,,,,,,,,,
22-02-2026 5.22,adversarial,nn,2.028122687,37.96564718,0.119125641,134.8227647,0.94023415,0.705769018,93,7.8,0.0,90.0,0.0,26.48448958,-116.8002057,2.7,1.100663344,654.6701364,140563,0.0,98.127235,72.55729425052793,66.86784244420627,45.80066327568096,95.95306849978832,64.92210911095555,98.54312271270332,20,3,60.0,100,10.0,nn,,,,,,,,,,,,,,,,,,,,,,,,,,,,,,,,,,,
22-02-2026 5.22,sleepy_campus,nn,1.547469345,92.90770405,0.570197907,132.5599868,0.93952135,0.509247451,596,58.7,0.0,40.0,0.0,13.37344981,-116.8538352,7.85,1.085408131,523.1881267,140563,0.0,97.839005,46.692637696235046,45.60879289150141,34.0229366804005,80.57116243261689,47.525371946385846,98.54844501403232,20,3,60.0,100,10.0,nn,,,,,,,,,,,,,,,,,,,,,,,,,,,,,,,,,,,
22-02-2026 5.22,ambulance,nn,2.127904813,26.90287406,0.052379065,29.72770625,0.4512972,0.724259095,92,0.6,0.0,90.0,0.0033212,28.76594558,-117.0006237,0.5,3.161349694,671.8745371,140563,0.0,98.113365,79.37326723156797,74.8802274435628,47.2414565439589,98.22917731809754,67.78646548053648,97.82418200048473,20,3,60.0,100,10.0,nn,,,,,,,,,,,,,,,,,,,,,,,,,,,,,,,,,,,
22-02-2026 5.23,iot_tsunami,nn,0.099759,40.63104708,0.019396497,62.33050625,0.06599445,0.115021678,3,0.0,0.0,5.0,0.0,-6.1647255,-125.7215538,0.0,1.114771916,0.668753591,140563,1.0,98.32607,35.82756974082976,99.10798964962596,1.0665318876500898,99.35390787918706,14.777552502414974,98.53820045619295,20,3,60.0,100,10.0,nn,,,,,,,,,,,,,,,,,,,,,,,,,,,,,,,,,,,
22-02-2026 5.23,commuter_rush,nn,0.931644737,70.30292583,0.04319075,238.8543875,0.45063435,0.988669337,171,4.3,0.0,25.0,0.777313793,12.33666712,-125.4089062,0.2,0.958042542,338.5812825,140563,0.0,99.77121,35.47159221195088,74.61563248510495,57.25813224501424,98.5425058219732,39.51061375049444,98.59288084351591,20,3,60.0,100,10.0,nn,,,,,,,,,,,,,,,,,,,,,,,,,,,,,,,,,,,
22-02-2026 5.24,urban_canyon,nn,0.08462202,4.788711233,0.006036483,13.916785,0.0981982,0.366221102,11,0.0,0.0,0.0,0.01229414,-9.38107798,-138.2171116,1.1,0.972577333,29.54880903,140563,0.0,99.21305,40.2128648549419,78.39238085153839,10.550106609874955,99.80949448003582,0.818204367306275,98.58780988597135,20,3,60.0,100,10.0,nn,,,,,,,,,,,,,,,,,,,,,,,,,,,,,,,,,,,
22-02-2026 5.27,mixed_reality,nn,1.229923143,117.5696029,0.817918599,145.5356317,0.898903,0.455535853,591,58.8,0.0,25.0,0.0,7.520302592,-116.7945095,3.1,0.788630247,439.2969873,140563,0.0,97.88524,36.47111816196416,44.09912471778832,28.87041239525801,72.12369912695067,39.82361640985897,98.65198610037652,20,3,60.0,100,10.0,nn,,,,,,,,,,,,,,,,,,,,,,,,,,,,,,,,,,,
22-02-2026 5.39,spectrum_crunch,nn,2.418173815,44.25137903,0.876063701,48.76992625,0.9545728,0.437243322,579,57.5,0.0,85.0,0.15532236,6.866118151,-118.8431152,0.5,0.673550765,880.4351815,140563,0.0,99.84679,76.36390441501372,44.41618927918783,47.837662213012095,70.14090708974281,37.36708382539891,98.6921355024196,20,3,60.0,100,10.0,nn,,,,,,,,,,,,,,,,,,,,,,,,,,,,,,,,,,,
22-02-2026 5.44,mobility_storm,reformer,2.044199431,35.18564829,0.053820195,51.506402,0.35564095,0.730725203,256,1.4,0.0,85.0,0.0,23.61539256,-118.650485,0.0,57.82933546,36.49297606,3232019,1.0,71.65105,75.23064010742956,95.81752425688308,26.821227804368867,98.18003369309228,59.68767978742536,0.0,20,3,60.0,100,10.0,reformer,,,,,,,,,,,,,,,,,,,,,,,,,,,,,,,,,,,
22-02-2026 5.44,handover_ping_pong,reformer,2.035747525,33.65945644,0.066856785,44.9309995,0.40739335,0.739740698,347,1.6,0.0,85.0,0.0,28.03251726,-115.8847101,0.0,60.01734933,31.73222533,3232019,1.0,69.28692,75.66934663895867,95.10141977122244,26.95051614486577,97.73547609571555,67.68204839812975,0.0,20,3,60.0,100,10.0,reformer,,,,,,,,,,,,,,,,,,,,,,,,,,,,,,,,,,,
22-02-2026 5.45,flash_crowd,reformer,1.64660204,56.25296643,0.313595705,98.893396,0.5772418,0.687902305,590,49.2,0.0,60.0,0.0,8.649558476,-119.2245813,9.15,68.02338878,39.52591791,3232019,0.0,63.68361,59.80561501103968,54.4814915623338,24.65190193473113,89.32149195917961,39.431646089803465,0.0,20,3,60.0,100,10.0,reformer,,,,,,,,,,,,,,,,,,,,,,,,,,,,,,,,,,,
22-02-2026 5.46,traffic_burst,reformer,1.880976882,73.6897177,0.453778979,136.964322,0.91056135,0.664630417,574,50.1,0.0,65.0,0.0,12.29055219,-118.7293695,8.6,63.84301424,47.64042424,3232019,0.0,64.67648,59.06863039806348,49.17853329459184,24.634134246455293,84.54113609297221,44.635728147848525,0.0,20,3,60.0,100,10.0,reformer,,,,,,,,,,,,,,,,,,,,,,,,,,,,,,,,,,,
22-02-2026 5.48,adversarial,reformer,2.197437917,40.85146618,0.153144171,101.8495877,0.92134035,0.734349582,421,14.3,0.0,85.0,0.0,23.75997123,-117.9056952,10.2,71.08530641,62.65065071,3232019,0.0,71.77242,72.99001598475658,60.30326723245079,28.105910939145268,94.79301084950652,60.45733187502943,0.0,20,3,60.0,100,10.0,reformer,,,,,,,,,,,,,,,,,,,,,,,,,,,,,,,,,,,
22-02-2026 5.48,sleepy_campus,reformer,1.559015767,81.57022091,0.403671575,175.3031943,0.9409298,0.612213766,579,49.3,0.0,65.0,0.0,8.250387187,-118.6644347,13.5,70.31502684,41.13350708,3232019,0.0,73.88292,54.65585225464983,46.86549425565171,21.99944327987124,86.24983653787567,39.33817422555232,0.0,20,3,60.0,100,10.0,reformer,,,,,,,,,,,,,,,,,,,,,,,,,,,,,,,,,,,
22-02-2026 5.49,ambulance,reformer,1.7233358,41.03075757,0.122438126,59.60477925,0.3861578,0.74676055,523,6.0,0.0,80.0,0.059659947,20.70811586,-119.5019238,3.9,65.62362591,29.27662097,3232019,0.0,69.158035,70.75907297654007,70.84820378229442,27.55769885044127,95.84011025127808,55.178236340324034,0.0,20,3,60.0,100,10.0,reformer,,,,,,,,,,,,,,,,,,,,,,,,,,,,,,,,,,,
22-02-2026 5.49,iot_tsunami,reformer,0.160264571,54.22340071,0.000449935,122.566682,0.003149543,0.302035315,2,0.0,0.0,5.0,0.0,-0.543303986,-124.8088507,0.0,30.09462357,0.087148747,3232019,1.0,65.366486,31.76107196407917,99.99697067599566,7.399105024003239,100.0,22.92727956438313,0.0,20,3,60.0,100,10.0,reformer,,,,,,,,,,,,,,,,,,,,,,,,,,,,,,,,,,,
22-02-2026 5.50,commuter_rush,reformer,1.108784698,64.9150652,0.075378319,135.5969725,0.6150185,0.977612969,308,4.9,0.0,75.0,0.85574984,10.94685897,-121.8112599,2.35,62.59645502,19.19865251,3232019,0.0,69.95258,59.49534283370559,71.12541616845853,48.47709675327217,97.44488532918814,40.464224340774805,0.0,20,3,60.0,100,10.0,reformer,,,,,,,,,,,,,,,,,,,,,,,,,,,,,,,,,,,
22-02-2026 5.51,urban_canyon,reformer,0.376637347,45.74726404,0.054391631,125.609045,0.34942475,0.707075892,252,1.2,0.0,0.0,0.085139773,-4.768852117,-134.4049104,5.4,70.5498596,11.35786964,3232019,0.0,80.707,31.92366431227483,72.36247130329545,23.28672194442105,98.160547292491,9.883299752267549,0.0,20,3,60.0,100,10.0,reformer,,,,,,,,,,,,,,,,,,,,,,,,,,,,,,,,,,,
22-02-2026 5.54,mixed_reality,reformer,1.650798462,106.8538429,0.566127015,201.8393807,0.9409298,0.366827075,582,54.8,0.0,20.0,0.52049816,7.060313056,-116.6009531,4.8,61.01315419,127.6432223,3232019,0.0,63.851463,35.37628152770901,48.35568132398281,26.52215316976245,80.70998293450427,39.36500970575135,0.0,20,3,60.0,100,10.0,reformer,,,,,,,,,,,,,,,,,,,,,,,,,,,,,,,,,,,
22-02-2026 6.06,spectrum_crunch,reformer,3.716571178,42.92295076,0.781597229,77.01380075,0.9383305,0.699203033,570,53.0,0.0,95.0,0.989801307,19.96362616,-114.7256295,3.4,46.05780681,171.8861402,3232019,0.0,91.40975,85.5099452593673,45.321394142862985,52.13705640593236,73.36228536619194,57.90118701143497,0.0,20,3,60.0,100,10.0,reformer,,,,,,,,,,,,,,,,,,,,,,,,,,,,,,,,,,,
22-02-2026 6.09,mobility_storm,trxl,2.112079542,51.84087769,0.186100591,76.48579,0.43417175,0.605564951,558,26.0,0.0,65.0,0.0,10.12360307,-126.4329938,0.0,11.11543676,97.62490456,3195155,1.0,71.381905,65.58138753378758,88.23230416713257,24.76241081492181,93.66917195503046,35.786051579051254,0.0,20,3,60.0,100,10.0,trxl,,,,,,,,,,,,,,,,,,,,,,,,,,,,,,,,,,,
22-02-2026 6.09,handover_ping_pong,trxl,2.434983674,46.36004839,0.152116559,65.06821975,0.37780985,0.582001055,569,12.0,0.0,75.0,0.0,15.83762389,-123.7673856,0.0,11.13841251,90.66341708,3195155,1.0,69.496216,71.9353075951253,91.82269179012562,24.4383873096393,94.82805319737167,45.41935113113783,0.0,20,3,60.0,100,10.0,trxl,,,,,,,,,,,,,,,,,,,,,,,,,,,,,,,,,,,
22-02-2026 6.11,flash_crowd,trxl,1.843347037,62.43259763,0.334165583,111.5702358,0.80885845,0.526264431,592,52.9,0.0,55.0,0.0,7.565885638,-122.843343,12.35,14.63673671,78.25810685,3195155,0.0,73.20828,57.81539613039845,49.444623942707175,20.93298974977533,88.62004353271132,35.1874914529803,0.0,20,3,60.0,100,10.0,trxl,,,,,,,,,,,,,,,,,,,,,,,,,,,,,,,,,,,
22-02-2026 6.13,traffic_burst,trxl,1.910197772,65.06538822,0.414819282,123.726266,0.9043646,0.540961636,578,47.0,0.0,60.0,0.0,8.000350392,-124.9315402,5.6,13.88175726,72.98000835,3195155,0.0,73.30591,59.04582615188142,52.50843332464477,21.39414939241934,85.86969128208565,34.14126520105312,0.0,20,3,60.0,100,10.0,trxl,,,,,,,,,,,,,,,,,,,,,,,,,,,,,,,,,,,
22-02-2026 6.15,adversarial,trxl,2.268949635,42.28083448,0.159116214,88.7168555,0.86145025,0.734569086,456,15.0,0.0,75.0,0.759370847,21.75291158,-120.071253,6.85,14.00810361,77.48938283,3195155,0.0,77.681046,70.35071084132971,62.73927446275678,42.91735914723712,94.58935965793646,56.11919238392901,0.0,20,3,60.0,100,10.0,trxl,,,,,,,,,,,,,,,,,,,,,,,,,,,,,,,,,,,
22-02-2026 6.15,sleepy_campus,trxl,1.795955315,84.44273423,0.423329393,162.9542537,0.9517967,0.582235666,585,51.4,0.0,50.0,0.194727453,8.495428865,-120.0959978,15.3,18.6667939,87.69801549,3195155,0.0,77.81475,50.948284712208654,44.84117290156116,26.633515476751107,85.57949004851392,38.55103532285688,0.0,20,3,60.0,100,10.0,trxl,,,,,,,,,,,,,,,,,,,,,,,,,,,,,,,,,,,
22-02-2026 6.15,ambulance,trxl,2.40775477,44.72866723,0.178685862,63.968632,0.38540535,0.58598659,577,23.3,0.0,75.0,0.0,16.65028409,-123.2705717,0.55,13.77131303,87.87778394,3195155,0.0,70.39997,72.02059176309226,68.89118122832934,24.423949148949653,93.92201983238483,46.8808088864298,0.0,20,3,60.0,100,10.0,trxl,,,,,,,,,,,,,,,,,,,,,,,,,,,,,,,,,,,
22-02-2026 6.16,iot_tsunami,trxl,0.170282,99.298355,0.017940753,187.2685303,0.05791475,0.306936555,6,0.0,0.0,5.0,0.0,-1.615713323,-125.9115343,0.0,14.74086444,0.150691183,3195155,1.0,79.391335,23.8126429621211,99.20278518979524,7.585447116857267,99.40354985266598,20.65157943307996,0.0,20,3,60.0,100,10.0,trxl,,,,,,,,,,,,,,,,,,,,,,,,,,,,,,,,,,,
22-02-2026 6.16,commuter_rush,trxl,1.079225291,59.0278639,0.204405797,123.8241825,0.8635201,0.982914384,474,26.9,0.0,65.0,0.858797197,11.26576301,-125.326823,0.0,12.46822895,33.44874068,3195155,1.0,76.59775,57.04498354273202,84.21178646379818,49.10526161618855,93.04495055980011,38.15678820894065,0.0,20,3,60.0,100,10.0,trxl,,,,,,,,,,,,,,,,,,,,,,,,,,,,,,,,,,,
22-02-2026 6.17,spectrum_crunch,trxl,2.297352235,23.95544353,0.054897194,53.416667,0.17952535,0.587734609,7,0.0,0.0,75.0,0.0,20.13171765,-122.2547988,0.0,13.15177812,2.096075349,3195155,1.0,75.52862,74.19003487046828,97.4766953571982,21.49474811920603,98.14330721110449,52.27785744863584,0.0,20,3,60.0,100,10.0,trxl,,,,,,,,,,,,,,,,,,,,,,,,,,,,,,,,,,,
22-02-2026 6.17,urban_canyon,trxl,0.271623993,39.25637724,0.039003658,134.099794,0.265486,0.572135287,160,0.5,0.0,0.0,0.044126033,-7.359313484,-136.3002843,1.75,11.58627351,4.396211833,3195155,0.0,84.18385,31.65700433148501,75.8609246652282,17.584920957566293,98.68528883191024,4.982688194048346,0.0,20,3,60.0,100,10.0,trxl,,,,,,,,,,,,,,,,,,,,,,,,,,,,,,,,,,,
22-02-2026 6.20,mixed_reality,trxl,1.637937543,117.8077948,0.567821704,202.2325012,0.9031433,0.311614857,591,57.6,0.0,20.0,0.021759433,4.805800853,-119.4947572,3.3,9.892295996,61.68365658,3195155,0.0,76.217514,34.10677426120702,49.11924585551701,13.229534464735009,80.65219275546659,34.13388863469721,0.0,20,3,60.0,100,10.0,trxl,,,,,,,,,,,,,,,,,,,,,,,,,,,,,,,,,,,
22-02-2026 6.26,handover_ping_pong,universal,1.846898307909144,37.81052817799884,0.0767648248096399,65.33965567023401,0.4790702887608,0.66887972932326,323,2.0008252,0.0,75.328785,0.0,27.022520019873003,-108.813007453185,0.0,52.221642148096,161.9492673227121,847379,0.929985,72.554454,69.84772268195059,92.84967527174967,28.37278864265739,97.3976044304652,71.83575800984008,0.0,20,3,60.0,100,10.0,universal,,,,,,,,,,,,,,,,,,,,,,,,,,,,,,,,,,,
22-02-2026 6.26,mobility_storm,universal,1.6871217808724686,33.51581779367184,0.0547703889422799,49.10959249625,0.4702691294884,0.89220442819389,277,1.176956,0.0,83.69865,1.29110424644208,26.441866959396,-108.8435843370015,0.0,55.04021776784399,98.96057604573213,847379,0.929985,71.907714,73.18180064346281,93.5033851627044,57.54719635816274,98.1476313596583,71.0434062634464,0.0,20,3,60.0,100,10.0,universal,,,,,,,,,,,,,,,,,,,,,,,,,,,,,,,,,,,
22-02-2026 6.27,flash_crowd,universal,1.1155957254293356,81.7312053519535,0.460894513705428,159.14236741271,1.1106005742193998,0.6214560035544001,656,66.38031840000001,0.0,41.849325,0.0,8.219595439271686,-109.49792559594,9.736636,55.29876938620159,68.1463385187795,847379,0.0,76.2123024,44.97228889722664,43.80907013012568,22.235429644579195,84.29849096777494,46.41451855396032,0.0,20,3,60.0,100,10.0,universal,,,,,,,,,,,,,,,,,,,,,,,,,,,,,,,,,,,
22-02-2026 6.28,traffic_burst,universal,1.3621256278224527,100.99317975304446,0.680807195785244,197.280542027756,1.1145138940716,0.624222719159235,605,53.55149799999999,0.0,46.03425750000001,0.0,12.489465263262751,-109.478230187613,7.061735999999999,57.1298538099884,60.47103503962363,847379,0.0,75.330018,43.814082272686086,43.400678979082365,22.60300264370957,76.79930187169455,52.0818419806464,0.0,20,3,60.0,100,10.0,universal,,,,,,,,,,,,,,,,,,,,,,,,,,,,,,,,,,,
22-02-2026 6.31,adversarial,universal,1.86634634543406,55.6405266953998,0.2030806318048639,142.0147113387552,1.0943840036690002,0.6827352196540051,507,12.0049512,0.0,71.1438525,0.0,21.233182066397703,-110.4376167563865,7.543217999999999,58.4680155366808,217.03474429084665,847379,0.0,76.9330674,62.84502782646713,60.0388028738604,30.64330366877783,93.0901396970881,62.91101826323482,0.0,20,3,60.0,100,10.0,universal,,,,,,,,,,,,,,,,,,,,,,,,,,,,,,,,,,,
22-02-2026 6.31,sleepy_campus,universal,1.1079134247514095,106.6380079309314,0.5365978242443281,187.3978363404092,1.1176331805584,0.56262048764964,640,62.7317548,0.0,33.47946,0.0,7.660408121447446,-109.24764087185552,12.83952,56.2568949521844,91.77747797052136,847379,0.0,76.052808,37.94420600578012,40.85766692392305,21.01990379596821,81.71695071479189,45.86864890370487,0.0,20,3,60.0,100,10.0,universal,,,,,,,,,,,,,,,,,,,,,,,,,,,,,,,,,,,
22-02-2026 6.32,ambulance,universal,1.86338210752512,38.39535557826496,0.1311208404990879,65.94342585954199,0.4466962896989999,0.6975126887438851,534,6.0024756,0.0,75.328785,0.0486103717491,24.497003092674003,-109.86839674550252,3.049386,53.23340476608039,120.0842389493964,847379,0.0,71.5314465,69.84256984443107,70.73770897893039,28.92408086625241,95.54402310759843,67.67329821320916,0.0,20,3,60.0,100,10.0,universal,,,,,,,,,,,,,,,,,,,,,,,,,,,,,,,,,,,
22-02-2026 6.33,iot_tsunami,universal,0.1018858083750045,111.813716782955,0.0150797781738999,323.3988232044988,0.1610739022705999,0.16864544774826,4,0.0,0.0,4.1849325,0.0,-3.678372991476436,-117.9427048866255,0.0,18.4218679631932,0.1971850092403275,847379,0.929985,73.23913440000001,15.216488528661095,97.01879999720092,2.8403070689263985,99.50111126211786,24.108429933493497,0.0,20,3,60.0,100,10.0,universal,,,,,,,,,,,,,,,,,,,,,,,,,,,,,,,,,,,
22-02-2026 6.33,commuter_rush,universal,1.281484843552242,33.91045371800548,0.041222188319004,57.18290776053899,0.53552086478,0.821349435544785,83,1.8831296,0.0,79.5137175,1.1887919206275002,17.10678361278495,-113.89591552047452,1.658438,50.919167910042,81.27570109520138,847379,0.0,72.9327465,69.13640552129728,73.4336969920906,51.85295275155038,98.60963526695778,54.76379172576789,0.0,20,3,60.0,100,10.0,universal,,,,,,,,,,,,,,,,,,,,,,,,,,,,,,,,,,,
22-02-2026 6.34,spectrum_crunch,universal,1.498734500782995,40.3149763341886,0.1509962953766519,83.050612550136,0.9531046181888,0.69253034711553,30,1.765434,0.0,66.95892,0.634894644848625,9.3495333884421,-117.3114133989105,2.40741,38.8204038904944,14.276793512752786,847379,0.0,72.586737,63.94691430062277,67.37847796111978,35.534987600652315,94.86625503579909,41.84363432984097,0.0,20,3,60.0,100,10.0,universal,,,,,,,,,,,,,,,,,,,,,,,,,,,,,,,,,,,
22-02-2026 6.34,urban_canyon,universal,0.2620957379022044,25.06677647463176,0.031572413169748,88.284893970999,0.3583603867491999,0.761505417866445,124,0.588478,0.0,0.0,0.116691027566295,-5.4698980214753705,-126.1520773532565,8.506182,49.5007871093056,32.413995904901945,847379,0.0,81.77847750000001,35.35878832306144,70.82063640538412,26.120403118899485,98.93869991159096,15.363027318528164,0.0,20,3,60.0,100,10.0,universal,,,,,,,,,,,,,,,,,,,,,,,,,,,,,,,,,,,
22-02-2026 6.37,mixed_reality,universal,1.274549642046135,100.21684451040768,0.643167528534212,169.93690763841,1.0554707782234,0.5666009527175551,647,68.14575239999999,0.0,54.40412250000001,0.0,9.6732266272992,-109.80265759382851,3.851856,38.3116891080804,72.92183137592882,847379,0.0,71.973234,47.68914463039059,44.16916913963168,20.899839043878806,78.0828430461257,48.10209034408473,0.0,20,3,60.0,100,10.0,universal,,,,,,,,,,,,,,,,,,,,,,,,,,,,,,,,,,,
22-02-2026 7.45,mobility_storm,Baseline,0.983855772,49.4773790208,0.0151456992,54.24323712,0.668436096,0.6277377352000001,36,1.152,0.0,43.2,0.6744961872,30.784964048000003,-89.7157236,0.0,0.0905530475999999,4.9261923696,0,0.8,60.0,53.31360563921234,90.08150963829326,32.728095926974206,99.49886330517668,91.64371081257816,100.0,20,3,60.0,100,10.0,Baseline,,,,,,,,,,,,,,,,,,,,,,,,,,,,,,,,,,,
22-02-2026 7.47,flash_crowd,Baseline,0.5361696710399999,128.3742569664,0.88640467584,207.48256896,1.7878299839999998,0.5012135616000001,955,110.4,0.0,14.4,0.0,6.080983322400001,-86.97083832,10.44,0.0971817971999999,2.69797832448,0,0.0,60.0,24.92080885738062,21.6471319752467,14.906634977303757,69.78827201190393,61.074220624252845,100.0,20,3,60.0,100,10.0,Baseline,,,,,,,,,,,,,,,,,,,,,,,,,,,,,,,,,,,
22-02-2026 7.48,traffic_burst,Baseline,0.7153234497600001,174.8614802112,1.27100956032,268.59985248,1.819510848,0.5036841064,737,85.44,0.0,31.200000000000003,0.0,13.374303064,-86.88369840000001,4.68,0.0884766576,3.5994709617600003,0,0.0,60.0,23.76880290468469,21.880187427513068,15.39704242881277,56.67295401971621,70.79605364339388,100.0,20,3,60.0,100,10.0,Baseline,,,,,,,,,,,,,,,,,,,,,,,,,,,,,,,,,,,
22-02-2026 7.50,adversarial,Baseline,1.01224303056,76.7205093504,0.24055736832,269.703698496,1.819510848,0.5896576952,155,15.552,0.0,43.2,0.0,31.668067816000004,-87.14233648,4.68,0.0872058864,5.0935550832,0,0.0,60.0,40.08021446307588,54.633946679360335,18.9344634024526,91.81215458421052,94.81071738188504,100.0,20,3,60.0,100,10.0,Baseline,,,,,,,,,,,,,,,,,,,,,,,,,,,,,,,,,,,
22-02-2026 7.50,sleepy_campus,Baseline,0.52657983744,191.2517937024,1.1589861408,265.949217984,1.821172416,0.4584469192,942,112.70400000000002,0.0,12.0,0.0,5.4308596112,-87.2464324,15.3,0.097939968,2.6540420836800003,0,0.0,60.0,14.409177185810968,12.372708866079956,13.4617999776656,60.4930375102405,59.999673115557925,100.0,20,3,60.0,100,10.0,Baseline,,,,,,,,,,,,,,,,,,,,,,,,,,,,,,,,,,,
22-02-2026 7.50,ambulance,Baseline,1.06514338224,52.35695243520001,0.0994184102399999,57.94481136,0.699665664,0.601714296,142,1.152,0.0,43.2,0.0246649384,34.38135524,-87.68860912000001,2.4,0.0934123992,5.3597469456,0,0.0,60.0,53.25357373603579,70.58204501668669,19.916657481363803,96.62510000170823,97.97815942748696,100.0,20,3,60.0,100,10.0,Baseline,,,,,,,,,,,,,,,,,,,,,,,,,,,,,,,,,,,
22-02-2026 7.52,iot_tsunami,Baseline,0.04440079056,83.34496320000001,0.0661758278399999,126.74681664,0.167288832,0.0871317944,11,0.0,0.0,2.4000000000000004,0.0,-3.8593971768,-94.51478968,0.0,0.1057942704,0.00632001888,0,0.8,60.0,26.891844045305916,93.3520492484172,0.0,97.75869725086169,42.05881831099396,100.0,20,3,60.0,100,10.0,Baseline,,,,,,,,,,,,,,,,,,,,,,,,,,,,,,,,,,,
22-02-2026 7.52,commuter_rush,Baseline,0.8674046726399999,46.2940664064,0.0277870137599999,55.68,0.783369696,0.7972545256000001,54,1.7280000000000002,0.0,48.0,1.3324548544,24.156729872,-93.19806448,0.0,0.0908018952,4.35747316704,0,0.8,60.0,54.65128083927141,88.79249661402882,50.38743863368106,99.06778489982094,80.1661346608729,100.0,20,3,60.0,100,10.0,Baseline,,,,,,,,,,,,,,,,,,,,,,,,,,,,,,,,,,,
22-02-2026 7.53,urban_canyon,Baseline,0.2797406496,38.858262048,0.0342062265599998,101.09202768000002,0.683402496,0.468798796,68,1.152,0.0,14.4,0.0412211944,0.7356626848000001,-105.25242688000002,4.5,0.0963430404,1.40764062144,0,0.0,60.0,38.38275682331695,70.63922484414594,14.013263658412257,98.84888487923136,39.804338208767376,100.0,20,3,60.0,100,10.0,Baseline,,,,,,,,,,,,,,,,,,,,,,,,,,,,,,,,,,,
22-02-2026 7.56,mixed_reality,Baseline,0.5304174215999998,236.395063296,1.63091708736,292.39860095999995,1.813708416,0.3937552008,945,113.088,0.0,12.0,0.0,5.097847720800001,-87.12707056,5.1,0.0828018192,2.6690332992,0,0.0,60.0,8.274691728790359,9.645154454535742,11.317692182738192,44.39983463046684,59.651540378439634,100.0,20,3,60.0,100,10.0,Baseline,,,,,,,,,,,,,,,,,,,,,,,,,,,,,,,,,,,
22-02-2026 8.11,spectrum_crunch,Baseline,1.10617207488,79.3579670784,1.7599416287999998,96.91438128,1.84359936,0.3636499712,950,114.048,0.0,40.8,0.0,4.8063194624,-88.38525944000001,0.0,0.0654013608,5.5386333936,0,0.8,60.0,47.827394399705,26.0,11.626850401734163,40.0,58.28875526905348,100.0,20,3,60.0,100,10.0,Baseline,,,,,,,,,,,,,,,,,,,,,,,,,,,,,,,,,,,
22-02-2026 7.45,handover_ping_pong,Baseline,1.0882238832000002,49.4858513856,0.01451282304,53.57633952,0.699665664,0.6013378704000001,35,1.152,0.0,43.2,0.0,35.43664488,-87.14366328,0.0,0.0961341924,5.4487663152,0,0.8,60.0,53.89736701753919,89.83962363604797,19.49538803170495,99.52044486178976,99.79815686538016,100.0,20,3,60.0,100,10.0,Baseline,,,,,,,,,,,,,,,,,,,,,,,,,,,,,,,,,,,